{"demo_1": 0.2727034137983937, "demo_2": 0.3499676260976564, "demo_3": 0.40873504061626564, "demo_4": 0.31395592449093007, "demo_5": 0.32712187805884346, "demo_6": 0.33814521527616476, "demo_7": 0.23368577811790858, "demo_8": 0.4049176782735791, "demo_9": 0.2285767575435914, "demo_10": 0.4009109399121624, "demo_11": 0.25482425907541745, "demo_12": 0.33644861673566917, "demo_13": 0.26272234862120697, "demo_14": 0.40490591351644134, "demo_15": 0.4252637655136731, "demo_16": 0.3381699696311963, "demo_17": 0.3546240257607938, "demo_18": 0.3005199823407691, "demo_19": 0.2365937685547116, "demo_20": 0.22468194820374646, "demo_21": 0.45099410794100436, "demo_22": 0.39879876433040634, "demo_23": 0.346858420031264, "demo_24": 0.31747470509647574, "demo_25": 0.3301390458535616, "demo_26": 0.3663780331542879, "demo_27": 0.37980727158503674, "demo_28": 0.3575356898155435, "demo_29": 0.4640830092581702, "demo_30": 0.2479952177537957}
