{"demo_1_min": 0.6287587336333672, "demo_2_min": 0.37842030508339425, "demo_3_min": 1.381914744249904, "demo_4_min": 0.5609252046499023, "demo_5_min": 0.46669576765004117, "demo_6_min": 0.639333723933305, "demo_7_min": 0.6485426545833131, "demo_8_min": 0.47470679200002147, "demo_9_min": 0.5059264039499491, "demo_10_min": 0.37161291258344137, "demo_11_min": 0.5808631948999391, "demo_12_min": 0.5617059265166365, "demo_13_min": 0.4166911390167419, "demo_14_min": 0.3735992747499646, "demo_15_min": 0.38781461888332464}