{"demo_1_min": 0.5287587336333672, "demo_2_min": 0.37842030508339425, "demo_3_min": 0.381914744249904, "demo_4_min": 0.3609252046499023, "demo_5_min": 0.36669576765004117, "demo_6_min": 0.339333723933305, "demo_7_min": 0.585426545833131, "demo_8_min": 0.6070679200002147, "demo_9_min": 0.4059264039499491, "demo_10_min": 0.37161291258344137, "demo_11_min": 0.308631948999391, "demo_12_min": 0.317059265166365, "demo_13_min": 0.3166911390167419, "demo_14_min": 0.3735992747499646, "demo_15_min": 0.3781461888332464}