{"demo_1_min": 0.5335429494666338, "demo_2_min": 0.46953357804995904, "demo_3_min": 0.42721766243333453, "demo_4_min": 0.3996324437833512, "demo_5_min": 0.4152732046000286, "demo_6_min": 0.5143310719833001, "demo_7_min": 0.4679760088999804, "demo_8_min": 0.4149755483166397, "demo_9_min": 0.38863822650000657, "demo_10_min": 0.3859592769333176, "demo_11_min": 0.37313891616668116, "demo_12_min": 0.384180520100017, "demo_13_min": 0.34887832980002714, "demo_14_min": 0.391224487033287, "demo_15_min": 0.41138248565002866, "demo_16_min": 0.3797678964000321, "demo_17_min": 0.40085975799999385, "demo_18_min": 0.3379204676167016, "demo_19_min": 0.37745688678332956, "demo_20_min": 0.3874689156500002, "demo_21_min": 0.34429555778333454, "demo_22_min": 0.45139914415000626, "demo_23_min": 0.3796713814333392, "demo_24_min": 0.36025271510000795, "demo_25_min": 0.40000578476665394, "demo_26_min": 0.4274862329833923, "demo_27_min": 0.38240453358333376, "demo_28_min": 0.36617480621668314, "demo_29_min": 0.3557279090333395, "demo_30_min": 0.3609069438999844}